{
    "model_data": {
        "model": "SimpleRNN",
        "input_size": 1,
        "skip": 1,
        "output_size": 1,
        "unit_type": "GRU",
        "num_layers": 1,
        "hidden_size": 10,
        "bias_fl": true
    },
    "state_dict": {
        "rec.weight_ih_l0": [
            [
                0.30654817819595337
            ],
            [
                -0.19500692188739777
            ],
            [
                0.1597656011581421
            ],
            [
                -0.1743803322315216
            ],
            [
                1.3988609313964844
            ],
            [
                1.3741873502731323
            ],
            [
                -0.1309572160243988
            ],
            [
                -0.047732409089803696
            ],
            [
                -0.30179980397224426
            ],
            [
                0.16541501879692078
            ],
            [
                0.8041552901268005
            ],
            [
                -0.1137119010090828
            ],
            [
                0.4554058015346527
            ],
            [
                0.15932737290859222
            ],
            [
                0.38133472204208374
            ],
            [
                0.431893527507782
            ],
            [
                -0.21025732159614563
            ],
            [
                -0.231275737285614
            ],
            [
                -0.255441278219223
            ],
            [
                0.15860234200954437
            ],
            [
                -1.0698211193084717
            ],
            [
                1.1864323616027832
            ],
            [
                0.5304141044616699
            ],
            [
                -1.6981266736984253
            ],
            [
                -3.353034734725952
            ],
            [
                4.619985103607178
            ],
            [
                2.849062442779541
            ],
            [
                0.4554048776626587
            ],
            [
                1.5043845176696777
            ],
            [
                0.04888956621289253
            ]
        ],
        "rec.weight_hh_l0": [
            [
                0.14557383954524994,
                0.9736509323120117,
                0.16404704749584198,
                -0.47463104128837585,
                0.7363985180854797,
                -0.16046039760112762,
                -0.05711222067475319,
                0.2052529752254486,
                -0.8801459074020386,
                0.30584660172462463
            ],
            [
                -0.3975788950920105,
                -1.0432785749435425,
                0.2522382140159607,
                -0.05841423571109772,
                0.6414584517478943,
                0.08726301044225693,
                -0.5209463834762573,
                -0.4653317928314209,
                -0.10839106887578964,
                -0.04389220476150513
            ],
            [
                -0.23914068937301636,
                0.0633869469165802,
                -0.41059422492980957,
                0.18645797669887543,
                0.03234226629137993,
                0.17201507091522217,
                0.05552529916167259,
                0.23546618223190308,
                0.1307384967803955,
                0.4925130009651184
            ],
            [
                0.7183061242103577,
                -0.25935351848602295,
                -0.888830304145813,
                0.49079060554504395,
                -0.19695614278316498,
                -0.3921765983104706,
                0.045490484684705734,
                0.12840591371059418,
                0.403754860162735,
                -0.8589608669281006
            ],
            [
                0.7891836762428284,
                -0.7919211387634277,
                0.10433903336524963,
                -0.25897184014320374,
                -0.055698223412036896,
                0.713133692741394,
                -0.07313425838947296,
                -0.022239787504076958,
                -0.772229790687561,
                -0.3460410535335541
            ],
            [
                0.8601552248001099,
                -1.7550885677337646,
                0.4299960434436798,
                -0.4974798262119293,
                -0.27785158157348633,
                0.4475807547569275,
                0.16235636174678802,
                -0.4201942980289459,
                0.2013220489025116,
                -0.10863713175058365
            ],
            [
                -0.8146868348121643,
                0.014685950241982937,
                -1.0060534477233887,
                -0.06014292687177658,
                -0.13497836887836456,
                1.128897786140442,
                -0.44662922620773315,
                0.4861584007740021,
                -0.006062686443328857,
                0.42034557461738586
            ],
            [
                0.5860266089439392,
                -0.22615014016628265,
                -0.2644749879837036,
                -0.14281050860881805,
                -0.14809077978134155,
                -0.22898903489112854,
                0.6539024114608765,
                0.11202748864889145,
                0.5487704873085022,
                -0.6934111714363098
            ],
            [
                -0.7055084705352783,
                0.4805038869380951,
                -0.10722914338111877,
                1.0433800220489502,
                0.7312474250793457,
                -1.3122872114181519,
                -0.9885918498039246,
                -0.2191624790430069,
                -1.0033528804779053,
                0.3567779064178467
            ],
            [
                -0.8530080318450928,
                1.1464256048202515,
                -0.5464320182800293,
                0.13381363451480865,
                0.7415063381195068,
                0.10267885029315948,
                -0.29687172174453735,
                -1.9447637796401978,
                -0.1274792104959488,
                0.5149199366569519
            ],
            [
                -0.11413408815860748,
                -0.7634099125862122,
                -0.3820323050022125,
                0.1601082682609558,
                -0.8207840323448181,
                0.9058390855789185,
                0.12817421555519104,
                0.4526507258415222,
                -0.7016708254814148,
                0.1190481185913086
            ],
            [
                -0.1731564849615097,
                -0.8055306077003479,
                -0.2882506251335144,
                1.9314895868301392,
                0.32259029150009155,
                0.27440476417541504,
                -0.08259792625904083,
                0.3554233908653259,
                0.906796932220459,
                2.032892942428589
            ],
            [
                -0.16044437885284424,
                -0.22000962495803833,
                -0.22252610325813293,
                0.2880932092666626,
                -0.08602122962474823,
                0.4169645607471466,
                -0.6202190518379211,
                -0.026970144361257553,
                -0.8941946625709534,
                0.3571226894855499
            ],
            [
                -0.018830321729183197,
                0.5543691515922546,
                -0.2972555160522461,
                0.020476631820201874,
                -0.8115851283073425,
                -0.5461572408676147,
                -0.02509782649576664,
                0.9014665484428406,
                0.2693467438220978,
                0.5074304938316345
            ],
            [
                0.1295548677444458,
                1.175313115119934,
                0.32602229714393616,
                0.10174872726202011,
