{
    "model_data": {
        "model": "SimpleRNN",
        "input_size": 1,
        "skip": 1,
        "output_size": 1,
        "unit_type": "GRU",
        "num_layers": 1,
        "hidden_size": 10,
        "bias_fl": true
    },
    "state_dict": {
        "rec.weight_ih_l0": [
            [
                -1.2526352405548096
            ],
            [
                0.22173985838890076
            ],
            [
                -0.30602261424064636
            ],
            [
                0.15492939949035645
            ],
            [
                -0.5435974597930908
            ],
            [
                -0.36210396885871887
            ],
            [
                -0.620956301689148
            ],
            [
                0.1538556069135666
            ],
            [
                -0.5824017524719238
            ],
            [
                0.6060198545455933
            ],
            [
                0.3092691898345947
            ],
            [
                -0.8300432562828064
            ],
            [
                0.11643806099891663
            ],
            [
                -0.03166155144572258
            ],
            [
                0.028855446726083755
            ],
            [
                -0.0010815542191267014
            ],
            [
                -0.07414095103740692
            ],
            [
                0.8567532300949097
            ],
            [
                -0.12530739605426788
            ],
            [
                -0.1522945612668991
            ],
            [
                2.182013988494873
            ],
            [
                0.44964727759361267
            ],
            [
                -1.3454961776733398
            ],
            [
                -0.20543701946735382
            ],
            [
                -2.568183660507202
            ],
            [
                -1.5877071619033813
            ],
            [
                4.2951860427856445
            ],
            [
                0.1675596684217453
            ],
            [
                0.24030408263206482
            ],
            [
                -0.5311070084571838
            ]
        ],
        "rec.weight_hh_l0": [
            [
                -0.6479347348213196,
                0.6785751581192017,
                0.8958611488342285,
                0.4735288619995117,
                0.3621785640716553,
                0.22347651422023773,
                -1.1884559392929077,
                -0.8633808493614197,
                -0.3886392414569855,
                0.5168646574020386
            ],
            [
                -0.19974076747894287,
                0.3313608169555664,
                1.324690580368042,
                0.24266664683818817,
                -0.26721397042274475,
                -0.021850069984793663,
                -0.3792482316493988,
                0.00302038062363863,
                -0.489963561296463,
                0.49116867780685425
            ],
            [
                -0.45729994773864746,
                0.22127020359039307,
                1.0998468399047852,
                0.16591858863830566,
                0.24080006778240204,
                -0.08884888887405396,
                -0.4541395604610443,
                0.06853339821100235,
                -0.4170440137386322,
                -0.34174689650535583
            ],
            [
                -0.3428972065448761,
                0.0929032638669014,
                -0.49438053369522095,
                0.10315676778554916,
                0.21646049618721008,
                0.2764241397380829,
                0.9145383834838867,
                -0.5557992458343506,
                -0.4157516658306122,
                -0.2728320062160492
            ],
            [
                0.23426955938339233,
                0.9282245635986328,
                -0.14727097749710083,
                1.3767507076263428,
                0.2555438280105591,
                -1.081613302230835,
                0.19648262858390808,
                1.1383240222930908,
                1.1203784942626953,
                0.4475514888763428
            ],
            [
                -0.2596697211265564,
                0.9354745745658875,
                -1.8714821338653564,
                -0.10115140676498413,
                0.6786131262779236,
                0.20527850091457367,
                0.248508483171463,
                0.2606763243675232,
                -0.791597843170166,
                -0.7053504586219788
            ],
            [
                0.06580526381731033,
                -0.6946924924850464,
                0.7348569631576538,
                -0.40316450595855713,
                -0.3190857768058777,
                -0.03969984129071236,
                0.7602632641792297,
                -0.5290275812149048,
                -0.20973582565784454,
                0.8555758595466614
            ],
            [
                -0.0085697490721941,
                0.6954695582389832,
                0.24450474977493286,
                0.4939717948436737,
                -0.15604308247566223,
                -0.37292420864105225,
                -0.2299879789352417,
                0.5883240699768066,
                0.08852919191122055,
                -0.20703400671482086
            ],
            [
                -1.1535521745681763,
                0.19293425977230072,
                0.11380098015069962,
                1.0934503078460693,
                0.05863195285201073,
                0.40896153450012207,
                0.13913336396217346,
                0.11120820045471191,
                -0.15823835134506226,
                -0.8194457292556763
            ],
            [
                0.12969394028186798,
                -0.36644941568374634,
                0.3998021185398102,
                0.28457316756248474,
                0.964607834815979,
                0.45356127619743347,
                -0.25121644139289856,
                0.21583454310894012,
                -0.01935097947716713,
                0.3901263177394867
            ],
            [
                0.17249226570129395,
                -2.3882904052734375,
                0.8962589502334595,
                -0.399308443069458,
                0.4369683563709259,
                0.2614615559577942,
                -0.33717063069343567,
                -1.0960630178451538,
                -0.593084990978241,
                1.3975690603256226
            ],
            [
                -1.018946886062622,
                -0.9579683542251587,
                0.023255646228790283,
                0.7622658014297485,
                -0.24375629425048828,
                -2.8526580333709717,
                1.6399065256118774,
                0.5761479139328003,
                0.4731244146823883,
                -1.223522663116455
            ],
            [
                0.36304277181625366,
                0.9751671552658081,
                -0.2911181151866913,
                0.3963804244995117,
                0.5163557529449463,
                0.31255224347114563,
                0.4897545576095581,
                1.4021731615066528,
                0.12302526086568832,
                0.0640077069401741
            ],
            [
                -0.6854285597801208,
                0.23676688969135284,
                0.540673553943634,
                -0.054467763751745224,
                0.8086400628089905,
                0.18796102702617645,
                -0.737732470035553,
                0.31721705198287964,
                -0.9695268869400024,
                -0.5291367769241333
            ],
            [
                1.9310708045959473,
                -1.613324522972107,
                0.1960773766040802,
                0.08895991742610931,
